﻿<parameters>
  <parameter name="IIS Web Application Name" defaultValue="Memehub" tags="IisApp">
    <parameterEntry kind="ProviderPath" scope="IisApp" match="^C:\\Users\\veronika\.dzhambazova\\Documents\\Pers\\Git\\MemeHub\\MemeHub\.Web\\obj\\Release\\Package\\PackageTmp$" />
    <parameterEntry kind="ProviderPath" scope="setAcl" match="^C:\\Users\\veronika\.dzhambazova\\Documents\\Pers\\Git\\MemeHub\\MemeHub\.Web\\obj\\Release\\Package\\PackageTmp$" />
  </parameter>
  <parameter name="DefaultConnection-Web.config Connection String" defaultValue="Data Source=(LocalDb)\MSSQLLocalDB;AttachDbFilename=|DataDirectory|\aspnet-MemeHub.Web-20170419101750.mdf;Initial Catalog=aspnet-MemeHub.Web-20170419101750;Integrated Security=True">
    <parameterEntry kind="XmlFile" scope="C:\\Users\\veronika\.dzhambazova\\Documents\\Pers\\Git\\MemeHub\\MemeHub\.Web\\obj\\Release\\Package\\PackageTmp\\Web\.config$" match="/configuration/connectionStrings/add[@name='DefaultConnection']/@connectionString" />
  </parameter>
  <parameter name="MemeHubContext-Web.config Connection String" defaultValue="Data Source=VERONIKADZ-E550\SQLEXPRESS;Integrated Security=True">
    <parameterEntry kind="XmlFile" scope="C:\\Users\\veronika\.dzhambazova\\Documents\\Pers\\Git\\MemeHub\\MemeHub\.Web\\obj\\Release\\Package\\PackageTmp\\Web\.config$" match="/configuration/connectionStrings/add[@name='MemeHubContext']/@connectionString" />
  </parameter>
</parameters>